timestamp,open,high,low,close,volume,close_time,quote_asset_volume,number_of_trades,taker_buy_base_asset_volume,taker_buy_quote_asset_volume,ignore
2022-01-01,46216.93,47954.63,46208.37,47722.65,19604.46325,1641081599999,924155159.5834864,714899,9942.36679,468738711.7901065,0
2022-01-02,47722.66,47990.0,46654.0,47286.18,18340.4604,1641167999999,866610995.5633582,709624,9166.46954,433182392.28194654,0
2022-01-03,47286.18,47570.0,45696.0,46446.1,27662.0771,1641254399999,1292203508.3256547,885624,13524.76045,631879430.11428,0
2022-01-04,46446.1,47557.54,45500.0,45832.01,35491.4136,1641340799999,1649170424.1276133,1021815,17689.26808,821725463.0808076,0
2022-01-05,45832.01,47070.0,42500.0,43451.13,51784.11857,1641427199999,2334288544.645448,1478532,23552.9946,1063287226.3571414,0
2022-01-06,43451.14,43816.0,42430.58,43082.31,38880.37305,1641513599999,1674466154.4383326,1150707,19268.82662,829886561.8261453,0
2022-01-07,43082.3,43145.83,40610.0,41566.48,54836.50818,1641599999999,2293851015.4652367,1406635,26519.39261,1109740200.2387211,0
2022-01-08,41566.48,42300.0,40501.0,41679.74,32952.73111,1641686399999,1367233494.8277667,1021908,16462.53747,683155535.4215348,0
2022-01-09,41679.74,42786.7,41200.02,41864.62,22724.39426,1641772799999,952830064.5125848,752733,11399.78979,478046850.277152,0
2022-01-10,41864.62,42248.5,39650.0,41822.49,50729.17019,1641859199999,2088111339.5055964,1250983,24654.54811,1015935553.4027652,0
2022-01-11,41822.49,43100.0,41268.93,42729.29,37296.43729,1641945599999,1574803608.9600787,1015526,18521.95391,782176383.1010938,0
2022-01-12,42729.29,44322.0,42450.0,43902.66,33943.2928,1642031999999,1470906437.7120714,1023902,17584.31885,762205618.815565,0
2022-01-13,43902.65,44500.0,42311.22,42560.11,34910.87762,1642118399999,1515944525.4954948,1036234,17175.40587,746075123.2441133,0
2022-01-14,42558.35,43448.78,41725.95,43059.96,32640.88292,1642204799999,1392000443.3501675,946938,15434.18945,658472386.2432475,0
2022-01-15,43059.96,43800.0,42555.0,43084.29,21936.05616,1642291199999,946488263.548448,752688,11133.18615,480516487.18496794,0
2022-01-16,43084.29,43475.0,42581.79,43071.66,20602.35271,1642377599999,887203134.0531468,732171,10052.19291,432899939.6738643,0
2022-01-17,43071.66,43176.18,41540.42,42201.62,27562.08613,1642463999999,1169381684.4668436,918029,13448.54192,570690475.9728292,0
2022-01-18,42201.63,42691.0,41250.0,42352.12,29324.08257,1642550399999,1228459687.3994458,905061,14527.82371,608578954.6171259,0
2022-01-19,42352.12,42559.13,41138.56,41660.01,31685.72159,1642636799999,1327478459.1602297,924528,15603.74304,653807601.672506,0
2022-01-20,41660.0,43505.0,40553.31,40680.91,42330.33953,1642723199999,1784801200.404487,1098761,20201.47991,852629490.2787864,0
2022-01-21,40680.92,41100.0,35440.45,36445.31,88860.891999,1642809599999,3405501703.2219367,2092561,41615.085819,1595831787.7000318,0
2022-01-22,36445.31,36835.22,34008.0,35071.42,90471.338961,1642895999999,3207531048.0306516,2099978,42722.278233,1514027491.3203938,0
2022-01-23,35071.42,36499.0,34601.01,36244.55,44279.52354,1642982399999,1572414639.0428774,1142407,22841.39451,811501507.036306,0
2022-01-24,36244.55,37550.0,32917.17,36660.35,91904.753211,1643068799999,3192041586.1031895,1999352,46469.272938,1615890700.8425,0
2022-01-25,36660.35,37545.14,35701.0,36958.32,49232.40183,1643155199999,1799224214.4997392,1248246,24988.42876,913198135.6036832,0
2022-01-26,36958.32,38919.98,36234.63,36809.34,69830.16036,1643241599999,2627491976.6908574,1584468,35240.31542,1326474948.463224,0
2022-01-27,36807.24,37234.47,35507.01,37160.1,53020.87934,1643327999999,1925920128.3436604,1308408,26750.94594,971815942.2707555,0
2022-01-28,37160.11,38000.0,36155.01,37716.56,42154.26956,1643414399999,1560203931.220128,1061101,21496.47551,795847847.5123422,0
2022-01-29,37716.57,38720.74,37268.44,38166.84,26129.49682,1643500799999,989652386.9966494,816601,13292.42156,503624477.659453,0
2022-01-30,38166.83,38359.26,37351.63,37881.76,21430.66527,1643587199999,812750216.6010319,698593,10798.3846,409620744.0169444,0
2022-01-31,37881.75,38744.0,36632.61,38466.9,36855.2458,1643673599999,1386754529.0295446,936014,18422.26954,693360023.3316519,0
2022-02-01,38466.9,39265.2,38000.0,38694.59,34574.44663,1643759999999,1334266166.7099988,917617,17730.99304,684446571.1793659,0
2022-02-02,38694.59,38855.92,36586.95,36896.36,35794.6813,1643846399999,1353093948.9776013,907905,17251.43687,652533107.6999176,0
2022-02-03,36896.37,37387.0,36250.0,37311.61,32081.10999,1643932799999,1179502838.6566265,848961,16468.10233,605530493.5816588,0
2022-02-04,37311.98,41772.33,37026.73,41574.25,64703.95874,1644019199999,2526572562.0582848,1380724,33053.66668,1291953441.5589995,0
2022-02-05,41571.7,41913.69,40843.01,41382.59,32532.34372,1644105599999,1349805515.9300363,1006352,16566.08602,687352854.8254198,0
2022-02-06,41382.6,42656.0,41116.56,42380.87,22405.16704,1644191999999,934168802.8801152,788291,11546.39088,481652514.3718321,0
2022-02-07,42380.87,44500.5,41645.85,43839.99,51060.62006,1644278399999,2204523609.903396,1473274,25457.79986,1099936959.0396457,0
2022-02-08,43839.99,45492.0,42666.0,44042.99,64880.29387,1644364799999,2847485971.4977336,1653350,33004.09337,1448178622.4660032,0
2022-02-09,44043.0,44799.0,43117.92,44372.72,34428.16729,1644451199999,1512500139.1430995,1066395,17115.60108,752210712.4118421,0
2022-02-10,44372.71,45821.0,43174.01,43495.44,62357.29091,1644537599999,2772188373.222783,1541483,30323.12245,1348871895.8677204,0
2022-02-11,43495.44,43920.0,41938.51,42373.73,44975.1687,1644623999999,1937866768.5059533,1169354,22063.76915,950913914.0296429,0
2022-02-12,42373.73,43079.49,41688.88,42217.87,26556.85681,1644710399999,1123136004.7237244,830322,12814.60322,542061655.4291937,0
2022-02-13,42217.87,42760.0,41870.0,42053.66,17732.08113,1644796799999,750533311.6529565,624898,8333.13302,352741586.0597297,0
2022-02-14,42053.65,42842.4,41550.56,42535.94,34010.1306,1644883199999,1436927831.4445863,867622,16912.76672,714598651.1659751,0
2022-02-15,42535.94,44751.4,42427.03,44544.86,38095.19576,1644969599999,1672855933.625659,990694,19180.32434,842363401.2128453,0
2022-02-16,44544.85,44549.97,43307.0,43873.56,28471.8727,1645055999999,1250973502.3018453,823745,14106.69537,619773473.0165873,0
2022-02-17,43873.56,44164.71,40073.21,40515.7,47245.99494,1645142399999,1993400162.9480667,1067658,21468.60602,906038209.7818584,0
2022-02-18,40515.71,40959.88,39450.0,39974.44,43845.92241,1645228799999,1765622365.952756,1025882,20609.06764,829953072.4139525,0
2022-02-19,39974.45,40444.32,39639.03,40079.17,18042.0551,1645315199999,721960636.0646691,586653,8374.975,335209843.631803,0
2022-02-20,40079.17,40125.44,38000.0,38386.89,33439.29011,1645401599999,1293216601.4518795,811235,15338.25392,592897166.4491583,0
2022-02-21,38386.89,39494.35,36800.0,37008.16,62347.68496,1645487999999,2382027320.8617606,1352290,30617.13558,1170272316.2758772,0
2022-02-22,37008.16,38429.0,36350.0,38230.33,53785.94589,1645574399999,2010628230.7549176,1212527,27322.73575,1021948126.9253064,0
2022-02-23,38230.33,39249.93,37036.79,37250.01,43560.732,1645660799999,1665486687.2399373,1030872,21449.9558,820639942.0318316,0
2022-02-24,37250.02,39843.0,34322.28,38327.21,120476.29458,1645747199999,4335107392.009488,2622780,60103.1314,2164376869.726107,0
2022-02-25,38328.68,39683.53,38014.37,39219.17,56574.57125,1645833599999,2197889580.2826686,1408558,29904.01589,1161436657.8296285,0
2022-02-26,39219.16,40348.45,38573.18,39116.72,29361.2568,1645919999999,1152621719.69438,924257,14658.93596,575852237.9808168,0
2022-02-27,39116.73,39855.7,37000.0,37699.07,46229.44719,1646006399999,1780512702.886402,1265753,21789.2508,840141690.3293545,0
2022-02-28,37699.08,44225.84,37450.17,43160.0,73945.63858,1646092799999,2975160226.168985,1931087,38543.78078,1553136662.0034583,0
2022-03-01,43160.0,44949.0,42809.98,44421.2,61743.09873,1646179199999,2701611023.69432,1866871,30937.54085,1353520463.0084743,0
2022-03-02,44421.2,45400.0,43334.09,43892.98,57782.65081,1646265599999,2550792948.288624,1653131,28624.1131,1264172354.0456262,0
2022-03-03,43892.99,44101.12,41832.28,42454.0,50940.61021,1646351999999,2192152097.925188,1289320,24438.40113,1051969942.211232,0
2022-03-04,42454.0,42527.3,38550.0,39148.66,61964.68498,1646438399999,2527001270.7194686,1465066,29322.62323,1196441375.2961829,0
2022-03-05,39148.65,39613.24,38407.59,39397.96,30363.13341,1646524799999,1187689935.0879936,879727,14846.61434,580820200.9425652,0
2022-03-06,39397.97,39693.87,38088.57,38420.81,39677.26158,1646611199999,1542258009.6292188,986352,19055.16367,740741244.8965172,0
2022-03-07,38420.8,39547.57,37155.0,37988.0,63994.11559,1646697599999,2449362161.7015386,1456041,31641.49735,1211103666.7671783,0
2022-03-08,37988.01,39362.08,37867.65,38730.63,55583.06638,1646783999999,2149652714.804345,1271128,27964.07361,1081516303.5940902,0
2022-03-09,38730.63,42594.06,38656.45,41941.71,67392.58799,1646870399999,2797240840.960747,1570230,34598.34753,1435303843.9873853,0
2022-03-10,41941.7,42039.63,38539.73,39422.0,71962.93154,1646956799999,2854310740.807673,1512655,33804.27456,1340241708.0012028,0
2022-03-11,39422.01,40236.26,38223.6,38729.57,59018.7642,1647043199999,2305825015.6010857,1252571,29148.02045,1139093538.3524642,0
2022-03-12,38729.57,39486.71,38660.52,38807.36,24034.36432,1647129599999,939663387.3149891,671733,11869.94851,464113572.6085631,0
2022-03-13,38807.35,39310.0,37578.51,37777.34,32791.82359,1647215999999,1268441605.1866877,841844,15150.32067,586406176.6009936,0
2022-03-14,37777.35,39947.12,37555.0,39671.37,46945.45375,1647302399999,1821922588.4472065,1114899,24146.76237,937313460.6262864,0
2022-03-15,39671.37,39887.61,38098.33,39280.33,46015.54926,1647388799999,1796571984.458497,1060517,22657.90532,885084067.9857315,0
2022-03-16,39280.33,41718.0,38828.48,41114.0,88120.76167,1647475199999,3552563766.3655386,2051837,44119.65664,1779529342.3189175,0
2022-03-17,41114.01,41478.82,40500.0,40917.9,37189.38087,1647561599999,1521083189.7108624,935784,18580.98075,760015585.8029839,0
2022-03-18,40917.89,42325.02,40135.04,41757.51,45408.00969,1647647999999,1862337033.4847207,1065054,22374.92757,918115615.0464845,0
2022-03-19,41757.51,42400.0,41499.29,42201.13,29067.18108,1647734399999,1216709156.4428053,801197,14463.06148,605480703.8859774,0
2022-03-20,42201.13,42296.26,40911.0,41262.11,30653.33468,1647820799999,1273880705.2502496,799695,14636.72662,608328201.7906688,0
2022-03-21,41262.11,41544.22,40467.94,41002.25,39426.24877,1647907199999,1618789548.0684211,947206,19079.42652,783366152.1200151,0
2022-03-22,41002.26,43361.0,40875.51,42364.13,59454.94294,1647993599999,2525975507.8012,1367343,30215.54785,1283334795.325262,0
2022-03-23,42364.13,43025.96,41751.47,42882.76,40828.87039,1648079999999,1725787170.5823965,916671,20211.34116,854479820.5334152,0
2022-03-24,42882.76,44220.89,42560.46,43991.46,56195.12374,1648166399999,2436258223.622338,1202541,27963.10189,1212354441.1395836,0
2022-03-25,43991.46,45094.14,43579.0,44313.16,54614.43648,1648252799999,2421153187.6604123,1141588,27819.34765,1233475690.3636422,0
2022-03-26,44313.16,44792.99,44071.97,44511.27,23041.61741,1648339199999,1022802857.60941,693647,11422.59021,507079959.2099111,0
2022-03-27,44511.27,46999.0,44421.46,46827.76,41874.91071,1648425599999,1907019662.3441496,1135096,21674.84642,987241345.6462932,0
2022-03-28,46827.76,48189.84,46663.56,47122.21,58949.2614,1648511999999,2789898402.616576,1498975,29097.75719,1377280753.9727275,0
2022-03-29,47122.21,48096.47,46950.85,47434.8,36772.28457,1648598399999,1748600385.4502351,1095678,18192.3742,865179145.1756456,0
2022-03-30,47434.79,47700.22,46445.42,47067.99,40947.2085,1648684799999,1932152559.8831124,1081607,20896.43399,985946938.5682784,0
2022-03-31,47067.99,47600.0,45200.0,45510.34,48645.12667,1648771199999,2262485160.568584,1290541,22879.47328,1064278670.6426108,0
2022-04-01,45510.35,46720.09,44200.0,46283.49,56271.06474,1648857599999,2556532890.870311,1372216,28041.37621,1274359931.8405368,0
2022-04-02,46283.49,47213.0,45620.0,45811.0,37073.53582,1648943999999,1721690754.4393935,1056716,18562.93079,862197811.5688925,0
2022-04-03,45810.99,47444.11,45530.92,46407.35,33394.67794,1649030399999,1550999693.0508049,966563,16740.18067,777615974.8155178,0
2022-04-04,46407.36,46890.71,45118.0,46580.51,44641.87514,1649116799999,2053434523.8685389,1171998,21913.04154,1008164276.0490184,0
2022-04-05,46580.5,47200.0,45353.81,45497.55,42192.74852,1649203199999,1951668192.9295096,1046080,20607.57735,953494654.4599283,0
2022-04-06,45497.54,45507.14,43121.0,43170.47,60849.32936,1649289599999,2700644700.890392,1471912,29467.28381,1307725131.1946254,0
2022-04-07,43170.47,43900.99,42727.35,43444.19,37396.54156,1649375999999,1623879486.6600313,999816,18567.25999,806358703.2156663,0
2022-04-08,43444.2,43970.62,42107.14,42252.01,42375.04203,1649462399999,1830699971.611312,1108136,20530.56354,887196762.494321,0
2022-04-09,42252.02,42800.0,42125.48,42753.97,17891.66047,1649548799999,759274586.6137776,640230,8910.47179,378158044.3039713,0
2022-04-10,42753.96,43410.3,41868.0,42158.85,22771.09403,1649635199999,971459737.5009404,678983,10952.24952,467438845.4221835,0
2022-04-11,42158.85,42414.71,39200.0,39530.45,63560.44721,1649721599999,2602039073.015044,1385924,30543.05561,1251713135.500008,0
2022-04-12,39530.45,40699.0,39254.63,40074.94,57751.01778,1649807999999,2309514071.593873,1153667,28344.99788,1133659106.6557107,0
2022-04-13,40074.95,41561.31,39588.54,41147.79,41342.27254,1649894399999,1677171454.0910792,948061,20522.54699,832653378.5114936,0
2022-04-14,41147.78,41500.0,39551.94,39942.38,36807.01401,1649980799999,1494726286.0180101,803756,17787.82129,722216571.859389,0
2022-04-15,39942.37,40870.36,39766.4,40551.9,24026.35739,1650067199999,966888436.8162509,616536,11755.54439,473100437.47337526,0
2022-04-16,40551.9,40709.35,39991.55,40378.71,15805.44718,1650153599999,638275503.9141085,423446,7642.38243,308642382.8796384,0
2022-04-17,40378.7,40595.67,39546.17,39678.12,19988.49259,1650239999999,803414248.9836986,590241,9578.91533,385124871.4665126,0
2022-04-18,39678.11,41116.73,38536.51,40801.13,54243.49575,1650326399999,2153574975.9131336,1157741,27097.19375,1076513006.7058177,0
2022-04-19,40801.13,41760.0,40571.0,41493.18,35788.85843,1650412799999,1472363265.3621879,934526,17806.81506,732539241.8896791,0
2022-04-20,41493.19,42199.0,40820.0,41358.19,40877.35041,1650499199999,1697039284.0853007,1063843,20007.29623,830754792.6236622,0
2022-04-21,41358.19,42976.0,39751.0,40480.01,59316.27657,1650585599999,2476061417.8872576,1515456,29413.89548,1228429890.9573543,0
2022-04-22,40480.01,40795.06,39177.0,39709.18,46664.0196,1650671999999,1870172362.40225,1043471,23248.71242,931654706.5531976,0
2022-04-23,39709.19,39980.0,39285.0,39441.6,20291.42375,1650758399999,804677022.9078971,724132,10217.20484,405193110.9436816,0
2022-04-24,39441.61,39940.0,38929.62,39450.13,26703.61186,1650844799999,1056336243.0198607,868183,12639.70229,500129939.0779573,0
2022-04-25,39450.12,40616.0,38200.0,40426.08,63037.12784,1650931199999,2470071005.2401423,1280351,31958.39557,1252785476.6028605,0
2022-04-26,40426.08,40797.31,37702.26,38112.65,66650.258,1651017599999,2615206861.8349133,1381618,31936.9422,1253685872.4445755,0
2022-04-27,38112.64,39474.72,37881.31,39235.72,57083.12272,1651103999999,2218523642.4263873,1232083,28942.08915,1124748467.7003632,0
2022-04-28,39235.72,40372.63,38881.43,39742.07,56086.6715,1651190399999,2223808385.806376,1135242,28519.46629,1130865428.7936184,0
2022-04-29,39742.06,39925.25,38175.0,38596.11,51453.65715,1651276799999,2006135662.8559992,1101140,24773.60543,966125835.4961329,0
2022-04-30,38596.11,38795.38,37578.2,37630.8,35321.18989,1651363199999,1354900532.1335113,1017369,16523.43017,634076437.1873089,0
2022-05-01,37630.8,38675.0,37386.38,38468.35,38812.24104,1651449599999,1478259271.913873,1021157,19551.11747,744825800.8143975,0
2022-05-02,38468.35,39167.34,38052.0,38525.16,53200.92628,1651535999999,2058450718.2963235,1053893,27276.29561,1055369693.1339272,0
2022-05-03,38525.16,38651.51,37517.8,37728.95,40316.45358,1651622399999,1539320434.2647235,1005131,20002.76343,764016892.6745052,0
2022-05-04,37728.95,40023.77,37670.0,39690.0,62574.61736,1651708799999,2438553987.4535437,1238847,32968.16942,1284541284.602138,0
2022-05-05,39690.0,39845.51,35571.9,36552.97,88722.43355,1651795199999,3329684235.963952,1979692,41786.44096,1568954443.5851629,0
2022-05-06,36552.97,36675.63,35258.0,36013.77,68437.80187,1651881599999,2466507512.182029,1214518,34536.42346,1245062436.8376348,0
2022-05-07,36013.77,36146.3,34785.0,35472.39,34281.70682,1651967999999,1222539413.6400983,746488,15385.18829,548855038.2356379,0
2022-05-08,35472.4,35514.22,33713.95,34038.4,72445.64344,1652054399999,2498365159.9945807,1301451,32350.03935,1115547715.9145272,0
2022-05-09,34038.39,34243.15,30033.33,30076.31,191876.926428,1652140799999,6166367111.275724,2564538,86538.962569,2781053306.4725456,0
2022-05-10,30074.23,32658.99,29730.4,31017.1,165532.00311,1652227199999,5179856929.47993,2470325,73691.196106,2307177624.541944,0
2022-05-11,31017.11,32162.59,27785.0,29103.94,207063.739278,1652313599999,6300295994.553139,3559270,99622.117475,3036296142.098209,0
2022-05-12,29103.94,30243.0,26700.0,29029.75,204507.263138,1652399999999,5795451310.945578,3951233,101465.278257,2877462252.212228,0
2022-05-13,29029.74,31083.37,28751.67,29287.05,97872.36957,1652486399999,2956855804.856112,2051900,48827.72764,1475641181.96275,0
2022-05-14,29287.05,30343.27,28630.0,30086.74,51095.87863,1652572799999,1501483453.5008905,1204626,25908.17135,761545954.1904565,0
2022-05-15,30086.74,31460.0,29480.0,31328.89,46275.66912,1652659199999,1401499926.2304175,1016769,24163.362,732332763.6094487,0
2022-05-16,31328.89,31328.9,29087.04,29874.01,73082.19658,1652745599999,2185567735.6820626,1561954,36284.05379,1085179422.7219367,0
2022-05-17,29874.01,30788.37,29450.38,30444.93,56724.13307,1652831999999,1715109131.0802064,1175382,28600.36238,865031716.5404288,0
2022-05-18,30444.93,30709.99,28654.47,28715.32,59749.15799,1652918399999,1762843836.1269379,1379212,29501.76769,870623227.207057,0
2022-05-19,28715.33,30545.18,28691.38,30319.23,67877.36415,1653004799999,2014360135.785272,1860780,35339.65787,1049163442.9020371,0
2022-05-20,30319.22,30777.33,28730.0,29201.01,60517.25325,1653091199999,1800589029.270878,1694004,30890.40127,919467696.6181592,0
2022-05-21,29201.01,29656.18,28947.28,29445.06,20987.13124,1653177599999,616194663.9792111,643486,10558.92886,310046148.8025876,0
2022-05-22,29445.07,30487.99,29255.11,30293.94,36158.98748,1653263999999,1082530816.01625,862880,18538.10071,555044195.7973803,0
2022-05-23,30293.93,30670.51,28866.35,29109.15,63901.49932,1653350399999,1914305818.074519,1328317,30476.66811,913813980.9533184,0
2022-05-24,29109.14,29845.86,28669.0,29654.58,59442.96036,1653436799999,1740257602.3067698,946421,29480.07674,863516681.5129281,0
2022-05-25,29654.58,30223.74,29294.21,29542.15,59537.38659,1653523199999,1771708175.0718913,985440,28846.96589,858587338.503838,0
2022-05-26,29542.14,29886.64,28019.56,29201.35,94581.65463,1653609599999,2759055410.397752,1431112,45206.85416,1319426335.716236,0
2022-05-27,29201.35,29397.66,28282.9,28629.8,90998.5201,1653695999999,2626515958.5034895,1321406,43590.05398,1258912486.70486,0
2022-05-28,28629.81,29266.0,28450.0,29031.33,34479.35127,1653782399999,994674257.5679232,684423,17561.21465,506633343.6800464,0
2022-05-29,29031.33,29587.78,28839.21,29468.1,27567.34764,1653868799999,804777532.6497605,635311,13735.42581,401056725.5655391,0
2022-05-30,29468.1,32222.0,29299.62,31734.22,96785.9476,1653955199999,2980527582.4674954,1380410,45024.45633,1384940691.9669578,0
2022-05-31,31734.23,32399.0,31200.01,31801.04,62433.11632,1654041599999,1981259117.0115464,1161340,30046.95511,953574564.3261106,0
2022-06-01,31801.05,31982.97,29301.0,29805.83,103395.63382,1654127999999,3171191028.249736,1404611,47614.81205,1460767260.6962943,0
2022-06-02,29805.84,30689.0,29594.55,30452.62,56961.42928,1654214399999,1711652906.191896,1086183,28555.06607,858193492.4047693,0
2022-06-03,30452.63,30699.0,29282.36,29700.21,54067.44727,1654300799999,1615616950.7143807,993769,26583.25141,794354787.3420941,0
2022-06-04,29700.21,29988.88,29485.0,29864.04,25617.90113,1654387199999,760874329.4663155,618037,12971.7246,385358236.91577995,0
2022-06-05,29864.03,30189.0,29531.42,29919.21,23139.9281,1654473599999,691201528.1600257,604680,11753.51303,351150600.7844381,0
2022-06-06,29919.2,31765.64,29890.23,31373.1,68836.92456,1654559999999,2149499896.9349375,1124745,34225.53913,1068381827.9889435,0
2022-06-07,31373.1,31589.6,29218.96,31125.33,110674.51658,1654646399999,3347397952.7305903,1743957,54831.53114,1661147413.2582464,0
2022-06-08,31125.32,31327.22,29843.88,30204.77,68542.61276,1654732799999,2087270428.3470392,1236327,32668.41005,995180478.2745384,0
2022-06-09,30204.77,30700.0,29944.1,30109.93,46291.1865,1654819199999,1399839073.774508,841562,23082.29251,697948605.9884633,0
2022-06-10,30109.93,30382.8,28850.0,29091.88,76204.2498,1654905599999,2255866294.494887,1258608,35502.20972,1050877735.8447756,0
2022-06-11,29091.87,29440.41,28099.99,28424.7,65901.39895,1654991999999,1892007188.0756,1084163,31848.3308,914365117.8340094,0
2022-06-12,28424.71,28544.96,26560.0,26574.53,92474.598809,1655078399999,2551767136.3295846,1451271,43538.78641,1201389150.8900456,0
2022-06-13,26574.53,26895.84,21925.77,22487.41,254611.034966,1655164799999,6192246037.404873,3261484,121398.556133,2953984191.5180383,0
2022-06-14,22485.27,23362.88,20846.0,22136.41,187201.64671,1655251199999,4136108699.025428,2583151,92764.742864,2051107738.6303785,0
2022-06-15,22136.42,22800.0,20111.62,22583.72,200774.493467,1655337599999,4249276481.2566967,2847831,98340.102217,2083014439.1952903,0
2022-06-16,22583.72,22995.73,20232.0,20401.31,99673.59429,1655423999999,2130037160.0626109,1690477,48048.86237,1027305936.8191556,0
2022-06-17,20400.6,21365.43,20246.66,20468.81,86694.33663,1655510399999,1796575392.5507207,1352992,43066.94445,892584106.6574169,0
2022-06-18,20468.81,20792.06,17622.0,18970.79,196441.655524,1655596799999,3726639821.6961513,2467372,96560.044649,1833514054.889341,0
2022-06-19,18970.79,20815.95,17960.41,20574.0,128320.87595,1655683199999,2487561781.535987,1950660,65871.82216,1277952917.4081194,0
2022-06-20,20574.0,21090.0,19637.03,20573.89,109028.94154,1655769599999,2220396381.7426524,1639448,54047.82476,1100883996.500353,0
2022-06-21,20573.9,21723.0,20348.4,20723.52,104371.0749,1655855999999,2198596137.343284,1515321,52193.33566,1099446297.1228633,0
2022-06-22,20723.51,20900.0,19770.51,19987.99,92133.97938,1655942399999,1872204589.2375815,1394981,44907.30453,912710764.7302253,0
2022-06-23,19988.0,21233.0,19890.07,21110.13,83127.08716,1656028799999,1710694866.4572449,1207858,42716.83721,879244263.2830158,0
2022-06-24,21110.12,21558.41,20736.72,21237.69,77430.36622,1656115199999,1635129191.170251,1309709,38582.36962,815027131.3205568,0
2022-06-25,21237.68,21614.5,20906.62,21491.19,51431.67794,1656201599999,1093873137.974752,874540,25240.18142,536863288.4627487,0
2022-06-26,21491.18,21888.0,20964.73,21038.07,53278.10464,1656287999999,1139258367.1629148,885306,26051.16372,557192553.7220398,0
2022-06-27,21038.08,21539.85,20510.0,20742.56,64475.0013,1656374399999,1354369225.8404648,1002214,31992.4604,672191483.8106796,0
2022-06-28,20742.57,21212.1,20202.01,20281.29,63801.0832,1656460799999,1321862977.9315486,1064497,30490.78532,631852171.7596263,0
2022-06-29,20281.28,20432.31,19854.92,20123.01,77309.04379,1656547199999,1556549790.008924,1210636,37814.12159,761473366.3908589,0
2022-06-30,20123.0,20179.08,18626.0,19942.21,93846.64806,1656633599999,1808994369.031444,1438163,45447.98482,876020577.3495957,0
2022-07-01,19942.21,20918.35,18975.0,19279.8,111844.59494,1656719999999,2197016369.9695287,1668363,56417.61783,1108492421.9565263,0
2022-07-02,19279.8,19467.39,18977.01,19252.81,46180.3021,1656806399999,888415536.8730664,833508,23693.90779,455851305.3763755,0
2022-07-03,19252.82,19647.63,18781.0,19315.83,51087.46631,1656892799999,980255891.3952552,880786,25361.96292,486752875.43699914,0
2022-07-04,19315.83,20354.01,19055.31,20236.71,74814.04601,1656979199999,1470987695.521582,1282843,38543.72441,758241531.9880207,0
2022-07-05,20236.71,20750.0,19304.4,20175.83,96041.13756,1657065599999,1919950110.1674304,1612273,48358.47507,967109793.3844755,0
2022-07-06,20175.84,20675.22,19761.25,20564.51,82439.5808,1657151999999,1665481948.0096319,1472221,41580.73433,840150579.6426861,0
2022-07-07,20564.51,21838.1,20251.68,21624.98,85014.58261,1657238399999,1783224085.72368,1653722,42731.5372,896703207.2104565,0
2022-07-08,21624.99,22527.37,21189.26,21594.75,403081.57349,1657324799999,8781330156.61243,4358216,201798.10144,4396546053.031909,0
2022-07-09,21594.75,21980.0,21322.12,21591.83,178417.84468,1657411199999,3857190523.494272,3524386,89418.01811,1933132016.3047256,0
2022-07-10,21592.15,21607.65,20655.0,20862.47,192188.21556,1657497599999,4062794310.2720337,3434401,95376.75351,2016291891.3743691,0
2022-07-11,20861.11,20868.48,19875.23,19963.61,137535.40724,1657583999999,2813718031.1093426,3232941,66869.47065,1368289522.9848232,0
2022-07-12,19963.61,20059.42,19240.0,19328.75,139506.45862,1657670399999,2754215439.3324776,3626399,67681.11612,1336338002.7004988,0
2022-07-13,19331.28,20366.61,18910.94,20234.87,209250.24888,1657756799999,4096306063.801935,4789109,103667.13511,2029863027.1787183,0
2022-07-14,20234.87,20900.0,19616.07,20588.84,174809.21696,1657843199999,3526210098.285044,4576355,87993.05801,1775442258.4092436,0
2022-07-15,20588.84,21200.0,20382.29,20830.04,143343.3049,1657929599999,2984339734.3532705,4411375,71354.9491,1485929119.4276447,0
2022-07-16,20830.04,21588.94,20478.61,21195.6,121011.67393,1658015999999,2539616922.7986083,3723401,61225.46264,1285100231.9557881,0
2022-07-17,21195.6,21684.54,20750.01,20798.16,118229.4525,1658102399999,2511251392.5765257,4261057,59550.95291,1265042502.4618275,0
2022-07-18,20799.58,22777.63,20762.45,22432.58,239942.73132,1658188799999,5263396811.539256,6564387,122398.31862,2685273104.2955766,0
2022-07-19,22432.58,23800.0,21579.54,23396.62,263770.76574,1658275199999,5954419902.221928,6488375,132874.43405,2999605957.3039503,0
2022-07-20,23398.48,24276.74,22906.19,23223.3,238762.17094,1658361599999,5631801151.220376,6364038,119820.55352,2826789486.1693096,0
2022-07-21,23223.3,23442.77,22341.46,23152.19,184817.68191,1658447999999,4232411759.395025,4808194,92958.794,2128895623.6599832,0
2022-07-22,23152.19,23756.49,22500.0,22684.83,171598.43966,1658534399999,3981394766.2280574,4745582,85026.96828,1973166657.8835504,0
2022-07-23,22684.83,23000.77,21934.57,22451.07,122137.77375,1658620799999,2745262660.6777816,3762227,61569.86415,1383868861.284547,0
2022-07-24,22448.58,23014.64,22257.15,22579.68,115189.67277,1658707199999,2610817967.163939,3671238,58086.99433,1316724597.4433148,0
2022-07-25,22577.13,22666.0,21250.0,21310.9,180344.76643,1658793599999,3954002948.5472584,4807238,88021.9456,1930051719.273192,0
2022-07-26,21310.9,21347.82,20706.5,21254.67,177817.24326,1658879999999,3738774849.3577113,4545385,87353.4604,1836821500.493304,0
2022-07-27,21254.67,23112.63,21042.53,22952.45,210971.19796,1658966399999,4614909656.6957855,5475738,106519.12743,2330764840.6468678,0
2022-07-28,22954.31,24199.72,22582.13,23842.93,236029.0741,1659052799999,5511388547.615389,6500034,118170.70945,2759524239.0245447,0
2022-07-29,23845.25,24442.66,23414.03,23773.75,198298.50623,1659139199999,4733780641.305037,6221401,100165.6085,2391310897.487863,0
2022-07-30,23777.28,24668.0,23502.25,23643.51,151060.13211,1659225599999,3634601094.96542,4801528,75778.59282,1823456271.8759687,0
2022-07-31,23644.64,24194.82,23227.31,23293.32,127743.32483,1659311999999,3028386330.6448317,4463721,63737.43859,1511326027.2234037,0
2022-08-01,23296.36,23509.68,22850.0,23268.01,144210.16219,1659398399999,3346371889.6521215,4775213,71458.39583,1658446268.2253966,0
2022-08-02,23266.9,23459.89,22654.37,22987.79,158073.28225,1659484799999,3631020649.22638,5066511,78122.08501,1794828205.6239038,0
2022-08-03,22985.93,23647.68,22681.22,22818.37,145948.80995,1659571199999,3385430753.8050184,4887642,72355.55623,1678928892.7538445,0
2022-08-04,22816.91,23223.32,22400.0,22622.98,154854.67016,1659657599999,3537434334.434649,4966138,76123.82073,1739248152.8679469,0
2022-08-05,22622.41,23472.86,22586.95,23312.42,175251.69749,1659743999999,4046435951.354509,5340569,88240.55478,2037539950.682064,0
2022-08-06,23313.56,23354.36,22909.52,22954.21,83911.80307,1659830399999,1944693656.706568,3360228,41438.9761,960462308.0530332,0
2022-08-07,22954.21,23402.0,22844.62,23174.39,88890.00877,1659916799999,2051763044.5523689,3646643,44744.90366,1032885708.1753823,0
2022-08-08,23174.39,24245.0,23154.25,23810.0,170958.44152,1660003199999,4078052110.543128,5892045,85942.29725,2050118384.21205,0
2022-08-09,23810.98,23933.25,22865.0,23149.95,143182.50858,1660089599999,3347110918.907211,5105613,70598.77953,1650310502.5693648,0
2022-08-10,23151.32,24226.0,22664.69,23954.05,208916.54953,1660175999999,4918825599.489632,6818207,105046.91327,2473680340.3238072,0
2022-08-11,23954.05,24918.54,23852.13,23934.39,249759.79557,1660262399999,6097813762.895935,8269994,125001.90721,3051727583.877025,0
2022-08-12,23933.09,24456.5,23583.0,24403.68,174207.5704,1660348799999,4175834601.8605466,6134163,87283.3227,2092464530.227176,0
2022-08-13,24401.7,24888.0,24291.22,24441.38,152852.25435,1660435199999,3751417148.252107,5617859,76352.504,1873989924.2022443,0
2022-08-14,24443.06,25047.56,24144.0,24305.24,151206.14473,1660521599999,3708565144.898009,5473905,75296.97372,1847145729.8789525,0
2022-08-15,24305.25,25211.32,23773.22,24094.82,242539.54758,1660607999999,5894066098.523285,7488466,120284.46467,2923411975.708476,0
2022-08-16,24093.04,24247.49,23671.22,23854.74,179324.94821,1660694399999,4294907691.650949,5978567,89812.55435,2151240576.226177,0
2022-08-17,23856.15,24446.71,23180.4,23342.66,210668.68766,1660780799999,4993659434.236888,6901586,105158.87989,2493209361.5022287,0
2022-08-18,23342.66,23600.0,23111.04,23191.2,144185.97011,1660867199999,3375338942.261788,6029662,71864.05086,1682458592.2075613,0
2022-08-19,23191.45,23208.67,20783.57,20834.39,283995.87747,1660953599999,6181759252.730264,8860928,139601.81043,3038568050.675256,0
2022-08-20,20834.39,21382.85,20761.9,21140.07,183041.68363,1661039999999,3871242921.22468,5723362,91862.59461,1943014391.2462528,0
2022-08-21,21140.07,21800.0,21069.11,21515.61,159200.6841,1661126399999,3405034922.8070774,5034461,80239.2419,1716250543.035858,0
2022-08-22,21516.7,21548.71,20890.18,21399.83,222222.04526,1661212799999,4721412016.903412,6443370,110925.72751,2356921868.623943,0
2022-08-23,21400.75,21684.87,20890.14,21529.12,200967.77164,1661299199999,4299812533.944709,6333442,101222.30098,2165911837.1236906,0
2022-08-24,21529.11,21900.0,21145.0,21368.08,174383.22046,1661385599999,3744196823.5648546,5561412,86499.84759,1857345193.8069584,0
2022-08-25,21368.05,21819.88,21310.15,21559.04,169915.78301,1661471999999,3672148286.6013737,5618785,84555.07067,1827390010.1745017,0
2022-08-26,21559.04,21886.77,20107.9,20241.05,273811.61955,1661558399999,5785149465.09769,7587244,135780.72507,2869440464.9916983,0
2022-08-27,20239.14,20402.93,19800.0,20037.6,162582.46032,1661644799999,3269764074.3564396,5263328,80922.99413,1627546028.5246556,0
2022-08-28,20037.6,20171.18,19520.0,19555.61,139307.95976,1661731199999,2781133881.0518456,4678693,69363.5072,1384969093.7702348,0
2022-08-29,19555.61,20433.62,19550.79,20285.73,210509.49545,1661817599999,4211334408.9865937,5840323,105809.86253,2116902111.20904,0
2022-08-30,20287.2,20576.25,19540.0,19811.66,256634.35529,1661903999999,5157974826.609323,6593178,126919.07924,2551087936.8586006,0
2022-08-31,19813.03,20490.0,19797.94,20050.02,276946.60765,1661990399999,5595829094.391042,6389133,140474.46035,2838456435.8151093,0
2022-09-01,20048.44,20208.37,19565.66,20131.46,245289.97263,1662076799999,4893158531.781241,5937975,121158.48629,2417157339.99022,0
2022-09-02,20132.64,20441.26,19755.29,19951.86,245986.6033,1662163199999,4946889819.514837,5740705,122616.90745,2466027768.598654,0
2022-09-03,19950.98,20055.93,19652.72,19831.9,146639.03204,1662249599999,2908816275.0102863,3739909,72556.83777,1439326777.5857377,0
2022-09-04,19832.45,20029.23,19583.1,20000.3,145588.77893,1662335999999,2883227667.1961923,3838915,72789.26129,1441735599.5476143,0
2022-09-05,20000.3,20057.27,19633.83,19796.84,222543.01057,1662422399999,4404971191.907025,4657233,110786.05423,2193009371.5191665,0
2022-09-06,19795.34,20180.0,18649.51,18790.61,356315.05718,1662508799999,6976809188.410191,7124384,175781.84468,3443135959.018857,0
2022-09-07,18790.61,19464.06,18510.77,19292.84,287394.7788,1662595199999,5436827909.201311,5597127,142700.96438,2700094090.5392246,0
2022-09-08,19292.85,19458.25,19012.0,19319.77,262813.28273,1662681599999,5057217166.675081,6013826,131429.45873,2529247772.3438287,0
2022-09-09,19320.54,21597.22,19291.75,21360.11,428919.74652,1662767999999,8929831332.708796,7777214,217979.24137,4537141163.9901085,0
2022-09-10,21361.62,21810.8,21111.13,21648.34,307997.33504,1662854399999,6589753118.84113,5615783,154171.04126,3298995539.4356637,0
2022-09-11,21647.21,21860.0,21350.0,21826.87,280702.55149,1662940799999,6064643642.716231,4801844,141171.88117,3050253458.283562,0
2022-09-12,21826.87,22488.0,21538.51,22395.74,395395.61828,1663027199999,8743762682.841719,6979539,199489.5406,4411479060.203694,0
2022-09-13,22395.44,22799.0,19860.0,20173.57,431915.03333,1663113599999,9302239274.39612,8126869,217144.54247,4679543994.693207,0
2022-09-14,20173.62,20541.48,19617.62,20226.71,340826.40151,1663199999999,6886235196.646198,6313052,169670.53169,3428396493.969275,0
2022-09-15,20227.17,20330.24,19497.0,19701.88,333069.76076,1663286399999,6655264974.21376,6690974,165652.7291,3310217929.741116,0
2022-09-16,19701.88,19890.0,19320.01,19803.3,283791.07064,1663372799999,5584012914.113887,5120935,141085.20536,2776292772.190228,0
2022-09-17,19803.3,20189.0,19748.08,20113.62,179350.24338,1663459199999,3578667842.695283,3862666,89621.58733,1788389852.300196,0
2022-09-18,20112.61,20117.26,19335.62,19416.18,254217.46904,1663545599999,5033968947.530573,4634096,124480.59651,2465062845.967856,0
2022-09-19,19417.45,19686.2,18232.56,19537.02,380512.40306,1663631999999,7215196795.656052,6820580,189241.29071,3589311748.607395,0
2022-09-20,19537.02,19634.62,18711.87,18875.0,324098.3286,1663718399999,6206043205.412278,5900070,160716.33038,3077612901.1468134,0
2022-09-21,18874.31,19956.0,18125.98,18461.36,385034.10021,1663804799999,7338667639.751955,6907777,190299.47143,3628361586.910153,0
2022-09-22,18461.36,19550.17,18356.39,19401.63,379321.72111,1663891199999,7203741481.483637,6251862,190987.32145,3627123696.690569,0
2022-09-23,19401.63,19500.0,18531.42,19289.91,385886.91829,1663977599999,7330336009.190998,5906265,194842.08772,3701394516.773616,0
2022-09-24,19288.57,19316.14,18805.34,18920.5,239496.56746,1664063999999,4568927983.6507845,3907636,120501.3057,2298979763.309452,0
2022-09-25,18921.99,19180.21,18629.2,18807.38,191191.4492,1664150399999,3625136713.924704,3714450,94989.39646,1801229611.9768589,0
2022-09-26,18809.13,19318.96,18680.72,19227.82,439239.21943,1664236799999,8356951609.998723,5837041,220623.29914,4198006044.884225,0
2022-09-27,19226.68,20385.86,18816.32,19079.13,593260.74161,1664323199999,11705770260.67216,8152473,296727.71059,5856646101.495988,0
2022-09-28,19078.1,19790.0,18471.28,19412.82,521385.45547,1664409599999,9964460007.304356,7357437,260944.38118,4988233394.322661,0
2022-09-29,19412.82,19645.52,18843.01,19591.51,406424.93256,1664495999999,7868786414.856212,5631615,203187.57552,3934342925.087511,0
2022-09-30,19590.54,20185.0,19155.36,19422.61,444322.9534,1664582399999,8694127253.576593,6254203,220029.84583,4304848630.332639,0
2022-10-01,19422.61,19484.0,19159.42,19310.95,165625.13959,1664668799999,3200350294.52687,2470590,82734.18388,1598688567.5865653,0
2022-10-02,19312.24,19395.91,18920.35,19056.8,206812.47032,1664755199999,3970724799.9558167,3320217,102972.16014,1977186000.1992047,0
2022-10-03,19057.74,19719.1,18959.68,19629.08,293585.75212,1664841599999,5672105805.772144,4471910,147383.93612,2847846726.2369485,0
2022-10-04,19629.08,20475.0,19490.6,20337.82,327012.00127,1664927999999,6533428229.851052,4871932,165646.2649,3309936012.948392,0
2022-10-05,20337.82,20365.6,19730.0,20158.26,312239.75224,1665014399999,6275437160.958072,4540004,155249.45329,3120338866.3257556,0
2022-10-06,20158.26,20456.6,19853.0,19960.67,320122.1702,1665100799999,6452892402.324269,5085004,161557.89851,3256881316.716539,0
2022-10-07,19960.67,20068.82,19320.0,19530.09,220874.83913,1665187199999,4353681483.987034,4324772,109800.49576,2164491136.483128,0
2022-10-08,19530.09,19627.38,19237.14,19417.96,102480.09842,1665273599999,1995917001.7395988,2637385,50775.11492,988952773.2163393,0
2022-10-09,19416.52,19558.0,19316.04,19439.02,113900.82681,1665359999999,2215007204.237991,2833704,57166.25996,1111737800.1694417,0
2022-10-10,19439.96,19525.0,19020.25,19131.87,212509.09849,1665446399999,4101745483.129524,4432688,104849.40967,2023908022.7360184,0
2022-10-11,19131.87,19268.09,18860.0,19060.0,243473.84286,1665532799999,4642843395.600282,4792106,121218.68324,2311676809.242172,0
2022-10-12,19060.0,19238.31,18965.88,19155.53,213826.26731,1665619199999,4086903621.9265537,4556597,106608.7184,2037738508.1616397,0
2022-10-13,19155.1,19513.79,18190.0,19375.13,399756.68337,1665705599999,7554309475.307985,7470896,199869.15895,3777964473.262912,0
2022-10-14,19375.58,19951.87,19070.37,19176.93,351634.32601,1665791999999,6877621835.225796,6688310,175798.36758,3438783886.9118066,0
2022-10-15,19176.93,19227.68,18975.18,19069.39,113847.64232,1665878399999,2178316065.622199,3052219,56109.00376,1073637476.7688468,0
2022-10-16,19068.4,19425.84,19063.74,19262.98,131894.61885,1665964799999,2531545363.3077006,3438605,66536.80449,1277129233.6607454,0
2022-10-17,19262.98,19676.96,19152.03,19549.86,222813.87634,1666051199999,4331666395.604673,5162979,111854.00525,2174642989.585405,0
2022-10-18,19548.48,19706.66,19091.0,19327.44,260313.07848,1666137599999,5065944973.464348,5588482,129478.25628,2520037025.607416,0
2022-10-19,19327.44,19360.16,19065.97,19123.97,186137.29538,1666223999999,3575041318.449784,4545820,92346.11007,1773769908.8877597,0
2022-10-20,19123.35,19347.82,18900.0,19041.92,223530.13068,1666310399999,4276025723.9947824,5391090,110662.16001,2117089562.3644776,0
2022-10-21,19041.92,19250.0,18650.0,19164.37,269310.75769,1666396799999,5126619487.86902,5679281,133589.01923,2543268174.8886347,0
2022-10-22,19164.37,19257.0,19112.72,19204.35,110403.90837,1666483199999,2117395641.1269212,2887106,54134.08243,1038228038.7109544,0
2022-10-23,19204.29,19695.0,19070.11,19570.4,167057.20184,1666569599999,3233393909.200977,3939703,84465.80483,1635057403.3351152,0
2022-10-24,19570.4,19601.15,19157.0,19329.72,256168.14467,1666655999999,4957159176.816838,5676899,126808.683,2453987281.1859627,0
2022-10-25,19330.6,20415.87,19237.0,20080.07,326370.67061,1666742399999,6454151276.520069,7214687,163350.80531,3230612090.8673344,0
2022-10-26,20079.02,21020.0,20050.41,20771.59,380492.69576,1666828799999,7833551674.485679,8512349,190912.96434,3930265900.9481273,0
2022-10-27,20771.61,20872.21,20200.0,20295.11,328643.57791,1666915199999,6771209922.011917,7748080,163139.47991,3361632657.413893,0
2022-10-28,20295.11,20750.0,20000.09,20591.84,287039.94569,1667001599999,5849603405.682575,6638096,143078.25276,2915977522.582497,0
2022-10-29,20591.84,21085.0,20554.01,20809.67,254881.77755,1667087999999,5303038321.457483,6255599,127941.56356,2662029299.90964,0
2022-10-30,20809.68,20931.21,20515.0,20627.48,192795.60886,1667174399999,3994389493.325891,4920007,96047.94574,1990076844.6331496,0
2022-10-31,20627.48,20845.92,20237.95,20490.74,303567.61628,1667260799999,6226304300.443864,6571526,151222.29645,3101777763.8604746,0
2022-11-01,20490.74,20700.0,20330.74,20483.62,279932.43771,1667347199999,5740102554.920829,5971938,139277.94706,2856018095.763569,0
2022-11-02,20482.81,20800.0,20048.04,20151.84,373716.27299,1667433599999,7633404092.430691,7431698,185785.97212,3795164791.221807,0
2022-11-03,20151.84,20393.32,20031.24,20207.82,319185.1544,1667519999999,6461673165.239642,6948227,159939.6187,3237968703.461187,0
2022-11-04,20207.12,21302.05,20180.96,21148.52,453694.39165,1667606399999,9409862204.986904,9249613,227403.70755,4716670352.08739,0
2022-11-05,21148.52,21480.65,21080.65,21299.37,245621.98525,1667692799999,5240395528.908201,5570832,123030.36163,2624930077.1572924,0
2022-11-06,21299.37,21365.27,20886.13,20905.58,230036.97217,1667779199999,4877535058.4127035,5268210,114034.06693,2418047871.809807,0
2022-11-07,20905.58,21069.77,20384.89,20591.13,386977.60337,1667865599999,8035052131.593452,8344242,191603.32017,3978525724.8740206,0
2022-11-08,20590.67,20700.88,17166.83,18547.23,760705.362783,1667951999999,14758384309.854223,14530601,374775.574085,7271200924.070387,0
2022-11-09,18545.38,18587.76,15588.0,15922.81,731926.929729,1668038399999,12737719697.394009,13605474,358702.788996,6245795114.512092,0
2022-11-10,15922.68,18199.0,15754.26,17601.15,608448.36432,1668124799999,10323294543.880354,12719887,302898.84757,5141663571.356439,0
2022-11-11,17602.45,17695.0,16361.6,17070.31,393552.86492,1668211199999,6725273822.837806,9900073,197414.69616,3374092512.561806,0
2022-11-12,17069.98,17119.1,16631.39,16812.08,167819.96035,1668297599999,2827930561.0063796,5046837,83267.92293,1403236127.923594,0
2022-11-13,16813.16,16954.28,16229.0,16329.85,184960.78846,1668383999999,3074280132.0535235,5382834,91914.44893,1527844645.634117,0
2022-11-14,16331.78,17190.0,15815.21,16619.46,380210.7775,1668470399999,6273920325.336827,9215128,189502.41248,3127495594.210764,0
2022-11-15,16617.72,17134.69,16527.72,16900.57,282461.84391,1668556799999,4758545355.786832,7200265,141015.70658,2375750102.4183183,0
2022-11-16,16900.57,17015.92,16378.61,16662.76,261493.40809,1668643199999,4362538338.565324,6297404,129644.72244,2162757428.721518,0
2022-11-17,16661.61,16751.0,16410.74,16692.56,228038.97873,1668729599999,3785204632.0142207,5352083,113347.39771,1881536908.0664897,0
2022-11-18,16692.56,17011.0,16546.04,16700.45,214224.18184,1668815999999,3588467560.373121,5114799,106366.35569,1781845353.094005,0
2022-11-19,16699.43,16822.41,16553.53,16700.68,104963.15558,1668902399999,1747627888.1295474,3142123,52397.34048,872445362.1257405,0
2022-11-20,16700.68,16753.33,16180.0,16280.23,154842.13478,1668988799999,2561165772.4957075,4557344,75959.10991,1256443330.0415068,0
2022-11-21,16279.5,16319.0,15476.0,15781.29,324096.997753,1669075199999,5188798317.004153,7440871,159995.4646,2561914108.924417,0
2022-11-22,15781.29,16315.0,15616.63,16226.94,239548.06623,1669161599999,3823612603.8030014,6276097,119384.47075,1905917090.2669597,0
2022-11-23,16227.96,16706.0,16160.2,16603.11,264927.70408,1669247999999,4368042618.50026,6260616,132804.37627,2189676204.366816,0
2022-11-24,16603.11,16812.63,16458.05,16598.95,206565.92346,1669334399999,3431724405.654768,5031851,103203.3193,1714660566.877812,0
2022-11-25,16599.55,16666.0,16342.81,16522.14,182089.49533,1669420799999,3003553172.229472,4396465,90187.55597,1487718711.084076,0
2022-11-26,16521.35,16701.99,16385.0,16458.57,181804.81666,1669507199999,3011990387.647429,3817130,89646.23245,1485219997.2638843,0
2022-11-27,16457.61,16600.0,16401.0,16428.78,162025.47607,1669593599999,2679048565.5213013,3362221,80097.04098,1324406073.6694643,0
2022-11-28,16428.77,16487.04,15995.27,16212.91,252695.40367,1669679999999,4096398587.3573136,5570407,125766.80639,2038825206.5401728,0
2022-11-29,16212.18,16548.71,16100.0,16442.53,248106.25009,1669766399999,4072651066.9994063,5206638,123715.14039,2030827592.4923496,0
2022-11-30,16442.91,17249.0,16428.3,17163.64,303019.80719,1669852799999,5123595199.505285,6519330,151764.57285,2566042182.996361,0
2022-12-01,17165.53,17324.0,16855.01,16977.37,232818.18218,1669939199999,3972607179.868572,5097720,116018.88867,1979692808.0070596,0
2022-12-02,16978.0,17105.73,16787.85,17092.74,202372.2062,1670025599999,3432385161.660257,4305515,99556.14105,1688510144.191262,0
2022-12-03,17092.13,17188.98,16858.74,16885.2,154542.57306,1670111999999,2622504252.8664527,3308694,76214.56604,1293351463.160912,0
2022-12-04,16885.2,17202.84,16878.25,17105.7,178619.13387,1670198399999,3040020095.0511775,3948990,89359.35165,1520945572.0768335,0
2022-12-05,17106.65,17424.25,16867.0,16966.35,233703.29225,1670284799999,4015334796.6037207,5138207,115508.19916,1984551471.316408,0
2022-12-06,16966.35,17107.01,16906.37,17088.96,218730.76883,1670371199999,3717926010.340586,4416864,108449.54144,1843473774.586164,0
2022-12-07,17088.96,17142.21,16678.83,16836.64,220657.41334,1670457599999,3723206794.305466,4284989,107803.05198,1819002376.492869,0
2022-12-08,16836.64,17299.0,16733.49,17224.1,236417.97804,1670543999999,4009427525.030412,4520282,117238.75694,1988377121.4173508,0
2022-12-09,17224.1,17360.0,17058.21,17128.56,238422.06465,1670630399999,4097973425.6973534,4282003,118031.91364,2028743141.4068208,0
2022-12-10,17128.56,17227.72,17092.0,17127.49,140573.97937,1670716799999,2411933258.8486,3032257,70355.34064,1207126756.2174747,0
2022-12-11,17127.49,17270.99,17071.0,17085.05,155286.47871,1670803199999,2663686104.0825615,3260722,77740.37478,1333501724.91499,0
2022-12-12,17085.05,17241.89,16871.85,17209.83,226227.49694,1670889599999,3844787581.481925,4463916,112286.94413,1908405023.8763015,0
2022-12-13,17208.93,18000.0,17080.14,17774.7,284462.9139,1670975999999,4983896040.378995,6242080,143922.84935,2521692886.9668703,0
2022-12-14,17775.82,18387.95,17660.94,17803.15,266681.22209,1671062399999,4779915721.484458,5743730,133308.11239,2389606669.9635315,0
2022-12-15,17804.01,17854.82,17275.51,17356.34,223701.96882,1671148799999,3923378677.833748,4789226,110193.63642,1932609296.7091348,0
2022-12-16,17356.96,17531.73,16527.32,16632.12,253379.04116,1671235199999,4308933187.65654,5703001,123374.83424,2098188985.0070968,0
2022-12-17,16631.5,16796.82,16579.85,16776.52,144825.66684,1671321599999,2417851422.2131248,3905843,72289.66495,1206885683.569382,0
2022-12-18,16777.54,16863.26,16663.07,16738.21,112619.31646,1671407999999,1884666030.099238,3369193,55539.12922,929480021.401935,0
2022-12-19,16739.0,16815.99,16256.3,16438.88,179094.28305,1671494399999,2981094033.013813,4681887,87610.2351,1458309480.7452483,0
2022-12-20,16438.88,17061.27,16397.2,16895.56,248808.92324,1671580799999,4176995653.545711,5945803,124217.3859,2085423621.7423255,0
2022-12-21,16896.15,16925.0,16723.0,16824.67,156810.96362,1671667199999,2638528723.736041,4375570,77675.35979,1307019850.0606217,0
2022-12-22,16824.68,16868.52,16559.85,16821.43,176044.27235,1671753599999,2949612072.0493026,4678640,87573.90221,1467281598.7190852,0
2022-12-23,16821.9,16955.14,16731.13,16778.5,161612.00947,1671839999999,2720021933.978926,4561020,81034.18553,1363871435.6135492,0
2022-12-24,16778.52,16869.99,16776.62,16836.12,100224.29096,1671926399999,1686757294.9926343,3076985,49578.22304,834395051.2711908,0
2022-12-25,16835.73,16857.96,16721.0,16832.11,125441.07202,1672012799999,2108857873.1916704,3570157,62073.54114,1043560797.0693524,0
2022-12-26,16832.11,16944.52,16791.0,16919.39,124564.00656,1672099199999,2099037538.631794,3915571,61741.18011,1040420821.2262526,0
2022-12-27,16919.39,16972.83,16592.37,16706.36,173749.58616,1672185599999,2918379509.5314097,5047628,86096.58586,1446098274.5653381,0
2022-12-28,16706.06,16785.19,16465.33,16547.31,193037.56577,1672271999999,3210894236.8123903,5465468,96118.18717,1598767893.1727967,0
2022-12-29,16547.32,16664.41,16488.91,16633.47,160998.47158,1672358399999,2671665748.0816226,4553877,80977.62443,1343799862.9950268,0
2022-12-30,16633.47,16677.35,16333.0,16607.48,164916.31174,1672444799999,2726831056.725026,4310415,82170.4749,1358631100.7592444,0
2022-12-31,16607.48,16644.09,16470.0,16542.4,114490.42864,1672531199999,1897047504.9188972,3344374,57021.06919,944834393.3413354,0
